,Old_tag,New_Tag,Answer,Description
0,22,1,1,Addition Whole Numbers
1,20,2,1,Addition and Subtraction Integers
2,20,2,1,Addition and Subtraction Integers
3,20,2,1,Addition and Subtraction Integers
4,21,3,1,Multiplication and Division Integers
5,21,3,1,Multiplication and Division Integers
6,21,3,1,Multiplication and Division Integers
7,21,3,1,Multiplication and Division Integers
8,18,4,0,Addition and Subtraction Positive Decimals
9,18,4,0,Addition and Subtraction Positive Decimals
10,18,4,1,Addition and Subtraction Positive Decimals
11,18,4,0,Addition and Subtraction Positive Decimals
12,18,4,0,Addition and Subtraction Positive Decimals
13,18,4,0,Addition and Subtraction Positive Decimals
14,18,4,0,Addition and Subtraction Positive Decimals
15,18,4,0,Addition and Subtraction Positive Decimals
16,18,4,0,Addition and Subtraction Positive Decimals
17,18,4,1,Addition and Subtraction Positive Decimals
18,18,4,0,Addition and Subtraction Positive Decimals
19,18,4,0,Addition and Subtraction Positive Decimals
20,18,4,1,Addition and Subtraction Positive Decimals
21,33,5,1,Ordering Integers
22,33,5,1,Ordering Integers
23,18,4,1,Addition and Subtraction Positive Decimals
24,18,4,1,Addition and Subtraction Positive Decimals
25,37,6,1,Ordering Positive Decimals
26,37,6,1,Ordering Positive Decimals
27,37,6,0,Ordering Positive Decimals
28,37,6,1,Ordering Positive Decimals
29,37,6,1,Ordering Positive Decimals
30,37,6,0,Ordering Positive Decimals
31,37,6,1,Ordering Positive Decimals
32,37,6,1,Ordering Positive Decimals
33,37,6,1,Ordering Positive Decimals
34,30,7,1,Ordering Fractions
35,30,7,1,Ordering Fractions
36,37,6,1,Ordering Positive Decimals
37,30,7,1,Ordering Fractions
38,69,8,0,Least Common Multiple
39,69,8,0,Least Common Multiple
40,69,8,1,Least Common Multiple
41,69,8,1,Least Common Multiple
42,69,8,1,Least Common Multiple
43,69,8,0,Least Common Multiple
44,69,8,0,Least Common Multiple
45,69,8,0,Least Common Multiple
46,69,8,0,Least Common Multiple
47,69,8,0,Least Common Multiple
48,69,8,0,Least Common Multiple
49,69,8,0,Least Common Multiple
50,69,8,0,Least Common Multiple
51,69,8,0,Least Common Multiple
52,69,8,0,Least Common Multiple
53,69,8,0,Least Common Multiple
54,69,8,0,Least Common Multiple
55,69,8,0,Least Common Multiple
56,69,8,0,Least Common Multiple
57,69,8,0,Least Common Multiple
58,24,9,1,Addition and Subtraction Fractions
59,24,9,1,Addition and Subtraction Fractions
60,24,9,0,Addition and Subtraction Fractions
61,24,9,0,Addition and Subtraction Fractions
62,24,9,0,Addition and Subtraction Fractions
63,24,9,0,Addition and Subtraction Fractions
64,24,9,1,Addition and Subtraction Fractions
65,24,9,1,Addition and Subtraction Fractions
66,24,9,1,Addition and Subtraction Fractions
67,69,8,0,Least Common Multiple
68,69,8,1,Least Common Multiple
69,69,8,1,Least Common Multiple
70,19,10,1,Multiplication Fractions
71,19,10,1,Multiplication Fractions
72,60,11,0,Division Fractions
73,60,11,0,Division Fractions
74,60,11,0,Division Fractions
75,60,11,1,Division Fractions
76,60,11,0,Division Fractions
77,60,11,1,Division Fractions
78,60,11,1,Division Fractions
79,27,12,0,"Order of Operations +,-,/,* () positive reals"
80,27,12,0,"Order of Operations +,-,/,* () positive reals"
81,27,12,0,"Order of Operations +,-,/,* () positive reals"
82,27,12,1,"Order of Operations +,-,/,* () positive reals"
83,27,12,1,"Order of Operations +,-,/,* () positive reals"
84,27,12,0,"Order of Operations +,-,/,* () positive reals"
85,27,12,1,"Order of Operations +,-,/,* () positive reals"
86,27,12,0,"Order of Operations +,-,/,* () positive reals"
87,27,12,0,"Order of Operations +,-,/,* () positive reals"
88,60,11,1,Division Fractions
89,40,13,1,Order of Operations All
90,59,14,1,Exponents
91,27,12,0,"Order of Operations +,-,/,* () positive reals"
92,27,12,0,"Order of Operations +,-,/,* () positive reals"
93,27,12,1,"Order of Operations +,-,/,* () positive reals"
94,27,12,1,"Order of Operations +,-,/,* () positive reals"
95,27,12,1,"Order of Operations +,-,/,* () positive reals"
96,27,12,1,"Order of Operations +,-,/,* () positive reals"
97,34,15,1,Conversion of Fraction Decimals Percents
98,34,15,0,Conversion of Fraction Decimals Percents
99,34,15,0,Conversion of Fraction Decimals Percents
100,34,15,0,Conversion of Fraction Decimals Percents
101,34,15,0,Conversion of Fraction Decimals Percents
102,34,15,0,Conversion of Fraction Decimals Percents
103,34,15,1,Conversion of Fraction Decimals Percents
104,34,15,1,Conversion of Fraction Decimals Percents
105,34,15,1,Conversion of Fraction Decimals Percents
106,21,3,0,Multiplication and Division Integers
107,21,3,0,Multiplication and Division Integers
108,21,3,0,Multiplication and Division Integers
109,21,3,1,Multiplication and Division Integers
110,21,3,0,Multiplication and Division Integers
111,14,16,1,Proportion
112,14,16,1,Proportion
113,34,15,1,Conversion of Fraction Decimals Percents
114,21,3,1,Multiplication and Division Integers
115,21,3,1,Multiplication and Division Integers
116,21,3,1,Multiplication and Division Integers
117,26,17,1,Equation Solving Two or Fewer Steps
118,26,17,1,Equation Solving Two or Fewer Steps
119,58,18,1,Solving for a variable
120,58,18,0,Solving for a variable
121,58,18,0,Solving for a variable
122,58,18,0,Solving for a variable
123,58,18,0,Solving for a variable
124,26,17,1,Equation Solving Two or Fewer Steps
125,42,19,0,Pattern Finding 
126,42,19,1,Pattern Finding 
127,42,19,1,Pattern Finding 
128,42,19,1,Pattern Finding 
129,25,20,0,Subtraction Whole Numbers
130,42,19,0,Pattern Finding 
131,25,20,0,Subtraction Whole Numbers
132,42,19,0,Pattern Finding 
133,25,20,0,Subtraction Whole Numbers
134,42,19,0,Pattern Finding 
135,25,20,0,Subtraction Whole Numbers
136,42,19,0,Pattern Finding 
137,25,20,0,Subtraction Whole Numbers
138,42,19,0,Pattern Finding 
139,25,20,0,Subtraction Whole Numbers
140,42,19,0,Pattern Finding 
141,25,20,0,Subtraction Whole Numbers
142,42,19,0,Pattern Finding 
143,25,20,0,Subtraction Whole Numbers
144,42,19,0,Pattern Finding 
145,25,20,0,Subtraction Whole Numbers
146,42,19,0,Pattern Finding 
147,25,20,0,Subtraction Whole Numbers
148,42,19,0,Pattern Finding 
149,25,20,0,Subtraction Whole Numbers
150,42,19,0,Pattern Finding 
151,25,20,0,Subtraction Whole Numbers
152,42,19,0,Pattern Finding 
153,25,20,0,Subtraction Whole Numbers
154,42,19,0,Pattern Finding 
155,25,20,0,Subtraction Whole Numbers
156,42,19,0,Pattern Finding 
157,25,20,0,Subtraction Whole Numbers
158,42,19,0,Pattern Finding 
159,25,20,1,Subtraction Whole Numbers
160,42,19,1,Pattern Finding 
161,42,19,1,Pattern Finding 
162,43,21,1,Write Linear Equation from Situation
163,68,22,0,Area Circle
164,68,22,0,Area Circle
165,68,22,0,Area Circle
166,68,22,0,Area Circle
167,68,22,0,Area Circle
168,68,22,0,Area Circle
169,68,22,0,Area Circle
170,68,22,0,Area Circle
171,68,22,0,Area Circle
172,68,22,0,Area Circle
173,68,22,0,Area Circle
174,68,22,0,Area Circle
175,68,22,0,Area Circle
176,68,22,0,Area Circle
177,1,23,0,Area Trapezoid
178,1,23,1,Area Trapezoid
179,1,23,1,Area Trapezoid
180,1,23,1,Area Trapezoid
181,1,23,0,Area Trapezoid
182,1,23,0,Area Trapezoid
183,1,23,0,Area Trapezoid
184,1,23,0,Area Trapezoid
185,1,23,0,Area Trapezoid
186,1,23,0,Area Trapezoid
187,1,23,1,Area Trapezoid
188,1,23,0,Area Trapezoid
189,1,23,0,Area Trapezoid
190,1,23,0,Area Trapezoid
191,1,23,0,Area Trapezoid
192,1,23,0,Area Trapezoid
193,1,23,0,Area Trapezoid
194,1,23,1,Area Trapezoid
195,1,23,0,Area Trapezoid
196,1,23,1,Area Trapezoid
197,1,23,0,Area Trapezoid
198,1,23,1,Area Trapezoid
199,1,23,0,Area Trapezoid
200,1,23,0,Area Trapezoid
201,1,23,0,Area Trapezoid
202,1,23,0,Area Trapezoid
203,1,23,0,Area Trapezoid
204,1,23,0,Area Trapezoid
205,1,23,0,Area Trapezoid
206,1,23,0,Area Trapezoid
207,1,23,0,Area Trapezoid
208,1,23,0,Area Trapezoid
209,1,23,0,Area Trapezoid
210,1,23,1,Area Trapezoid
211,1,23,0,Area Trapezoid
212,1,23,1,Area Trapezoid
213,1,23,0,Area Trapezoid
214,1,23,0,Area Trapezoid
215,1,23,0,Area Trapezoid
216,1,23,0,Area Trapezoid
217,1,23,0,Area Trapezoid
218,1,23,0,Area Trapezoid
219,1,23,1,Area Trapezoid
220,1,23,1,Area Trapezoid
221,1,23,0,Area Trapezoid
222,1,23,0,Area Trapezoid
223,1,23,0,Area Trapezoid
224,1,23,0,Area Trapezoid
225,1,23,0,Area Trapezoid
226,1,23,1,Area Trapezoid
227,1,23,0,Area Trapezoid
228,1,23,1,Area Trapezoid
229,1,23,0,Area Trapezoid
230,1,23,0,Area Trapezoid
231,1,23,0,Area Trapezoid
232,1,23,0,Area Trapezoid
233,80,24,1,Unit Conversion Within a System
234,18,4,1,Addition and Subtraction Positive Decimals
235,57,25,1,Perimeter of a Polygon
236,41,26,0,Finding Percents
237,41,26,0,Finding Percents
238,26,17,1,Equation Solving Two or Fewer Steps
239,26,17,1,Equation Solving Two or Fewer Steps
240,26,17,1,Equation Solving Two or Fewer Steps
241,26,17,0,Equation Solving Two or Fewer Steps
242,26,17,1,Equation Solving Two or Fewer Steps
243,26,17,1,Equation Solving Two or Fewer Steps
244,26,17,1,Equation Solving Two or Fewer Steps
245,26,17,0,Equation Solving Two or Fewer Steps
246,26,17,1,Equation Solving Two or Fewer Steps
247,28,27,0,Calculations with Similar Figures
248,28,27,0,Calculations with Similar Figures
249,28,27,0,Calculations with Similar Figures
250,28,27,0,Calculations with Similar Figures
251,28,27,0,Calculations with Similar Figures
252,28,27,0,Calculations with Similar Figures
253,28,27,0,Calculations with Similar Figures
254,28,27,0,Calculations with Similar Figures
255,28,27,1,Calculations with Similar Figures
256,31,28,0,Circumference 
257,41,26,1,Finding Percents
258,41,26,0,Finding Percents
259,41,26,1,Finding Percents
260,41,26,1,Finding Percents
261,41,26,1,Finding Percents
262,41,26,0,Finding Percents
263,41,26,1,Finding Percents
264,35,29,0,Percent Of
265,35,29,1,Percent Of
266,35,29,1,Percent Of
267,35,29,1,Percent Of
268,36,30,0,Unit Rate
269,36,30,0,Unit Rate
270,36,30,0,Unit Rate
271,36,30,0,Unit Rate
272,36,30,1,Unit Rate
273,26,17,0,Equation Solving Two or Fewer Steps
274,26,17,1,Equation Solving Two or Fewer Steps
275,26,17,0,Equation Solving Two or Fewer Steps
276,26,17,0,Equation Solving Two or Fewer Steps
277,26,17,0,Equation Solving Two or Fewer Steps
278,26,17,1,Equation Solving Two or Fewer Steps
279,26,17,0,Equation Solving Two or Fewer Steps
280,26,17,1,Equation Solving Two or Fewer Steps
281,26,17,1,Equation Solving Two or Fewer Steps
282,26,17,0,Equation Solving Two or Fewer Steps
283,26,17,0,Equation Solving Two or Fewer Steps
284,26,17,1,Equation Solving Two or Fewer Steps
285,26,17,1,Equation Solving Two or Fewer Steps
286,26,17,0,Equation Solving Two or Fewer Steps
287,26,17,0,Equation Solving Two or Fewer Steps
288,26,17,1,Equation Solving Two or Fewer Steps
289,26,17,1,Equation Solving Two or Fewer Steps
290,26,17,0,Equation Solving Two or Fewer Steps
291,26,17,0,Equation Solving Two or Fewer Steps
292,26,17,1,Equation Solving Two or Fewer Steps
293,26,17,1,Equation Solving Two or Fewer Steps
294,26,17,0,Equation Solving Two or Fewer Steps
295,26,17,1,Equation Solving Two or Fewer Steps
296,26,17,1,Equation Solving Two or Fewer Steps
297,26,17,1,Equation Solving Two or Fewer Steps
298,26,17,0,Equation Solving Two or Fewer Steps
299,26,17,1,Equation Solving Two or Fewer Steps
300,26,17,1,Equation Solving Two or Fewer Steps
301,26,17,1,Equation Solving Two or Fewer Steps
302,26,17,0,Equation Solving Two or Fewer Steps
303,26,17,1,Equation Solving Two or Fewer Steps
304,26,17,1,Equation Solving Two or Fewer Steps
305,26,17,1,Equation Solving Two or Fewer Steps
306,26,17,0,Equation Solving Two or Fewer Steps
307,26,17,1,Equation Solving Two or Fewer Steps
308,26,17,1,Equation Solving Two or Fewer Steps
309,26,17,1,Equation Solving Two or Fewer Steps
310,26,17,0,Equation Solving Two or Fewer Steps
311,26,17,1,Equation Solving Two or Fewer Steps
312,26,17,1,Equation Solving Two or Fewer Steps
313,26,17,1,Equation Solving Two or Fewer Steps
314,26,17,0,Equation Solving Two or Fewer Steps
315,26,17,1,Equation Solving Two or Fewer Steps
316,26,17,1,Equation Solving Two or Fewer Steps
317,26,17,1,Equation Solving Two or Fewer Steps
318,26,17,0,Equation Solving Two or Fewer Steps
319,26,17,1,Equation Solving Two or Fewer Steps
320,26,17,1,Equation Solving Two or Fewer Steps
321,26,17,1,Equation Solving Two or Fewer Steps
322,26,17,1,Equation Solving Two or Fewer Steps
323,26,17,1,Equation Solving Two or Fewer Steps
324,26,17,0,Equation Solving Two or Fewer Steps
325,26,17,0,Equation Solving Two or Fewer Steps
326,26,17,1,Equation Solving Two or Fewer Steps
327,26,17,0,Equation Solving Two or Fewer Steps
328,26,17,1,Equation Solving Two or Fewer Steps
329,26,17,1,Equation Solving Two or Fewer Steps
330,28,27,1,Calculations with Similar Figures
331,28,27,1,Calculations with Similar Figures
332,28,27,0,Calculations with Similar Figures
333,28,27,1,Calculations with Similar Figures
334,28,27,1,Calculations with Similar Figures
335,28,27,1,Calculations with Similar Figures
336,28,27,1,Calculations with Similar Figures
337,31,28,0,Circumference 
338,31,28,0,Circumference 
339,31,28,0,Circumference 
340,26,17,1,Equation Solving Two or Fewer Steps
341,26,17,1,Equation Solving Two or Fewer Steps
342,70,31,1,Equation Solving More Than Two Steps
343,70,31,1,Equation Solving More Than Two Steps
344,70,31,1,Equation Solving More Than Two Steps
345,58,18,1,Solving for a variable
346,58,18,1,Solving for a variable
347,58,18,0,Solving for a variable
348,58,18,1,Solving for a variable
349,58,18,1,Solving for a variable
350,58,18,1,Solving for a variable
351,25,20,1,Subtraction Whole Numbers
352,42,19,1,Pattern Finding 
353,25,20,1,Subtraction Whole Numbers
354,42,19,1,Pattern Finding 
355,25,20,0,Subtraction Whole Numbers
356,42,19,0,Pattern Finding 
357,25,20,1,Subtraction Whole Numbers
358,42,19,1,Pattern Finding 
359,25,20,1,Subtraction Whole Numbers
360,42,19,1,Pattern Finding 
361,25,20,1,Subtraction Whole Numbers
362,42,19,1,Pattern Finding 
363,26,17,0,Equation Solving Two or Fewer Steps
364,26,17,1,Equation Solving Two or Fewer Steps
365,26,17,0,Equation Solving Two or Fewer Steps
366,26,17,1,Equation Solving Two or Fewer Steps
367,26,17,1,Equation Solving Two or Fewer Steps
368,26,17,1,Equation Solving Two or Fewer Steps
369,72,32,0,Write Linear Equation from Ordered Pairs
370,72,32,0,Write Linear Equation from Ordered Pairs
371,72,32,1,Write Linear Equation from Ordered Pairs
372,72,32,1,Write Linear Equation from Ordered Pairs
373,72,32,0,Write Linear Equation from Ordered Pairs
374,43,21,0,Write Linear Equation from Situation
375,43,21,1,Write Linear Equation from Situation
376,43,21,1,Write Linear Equation from Situation
377,43,21,1,Write Linear Equation from Situation
378,43,21,1,Write Linear Equation from Situation
379,43,21,1,Write Linear Equation from Situation
380,66,33,0,Write Linear Equation from Graph
381,66,33,0,Write Linear Equation from Graph
382,66,33,0,Write Linear Equation from Graph
383,66,33,0,Write Linear Equation from Graph
384,66,33,0,Write Linear Equation from Graph
385,28,27,0,Calculations with Similar Figures
386,28,27,0,Calculations with Similar Figures
387,28,27,0,Calculations with Similar Figures
388,28,27,0,Calculations with Similar Figures
389,28,27,1,Calculations with Similar Figures
390,28,27,1,Calculations with Similar Figures
391,68,22,0,Area Circle
392,68,22,0,Area Circle
393,68,22,1,Area Circle
394,68,22,1,Area Circle
395,68,22,1,Area Circle
396,68,22,1,Area Circle
397,68,22,1,Area Circle
398,68,22,1,Area Circle
399,1,23,0,Area Trapezoid
400,1,23,1,Area Trapezoid
401,1,23,1,Area Trapezoid
402,1,23,1,Area Trapezoid
403,1,23,0,Area Trapezoid
404,1,23,1,Area Trapezoid
405,1,23,0,Area Trapezoid
406,1,23,0,Area Trapezoid
407,1,23,0,Area Trapezoid
408,1,23,1,Area Trapezoid
409,1,23,1,Area Trapezoid
410,1,23,1,Area Trapezoid
411,1,23,0,Area Trapezoid
412,1,23,1,Area Trapezoid
413,1,23,1,Area Trapezoid
414,1,23,1,Area Trapezoid
415,1,23,0,Area Trapezoid
416,1,23,0,Area Trapezoid
417,1,23,1,Area Trapezoid
418,1,23,1,Area Trapezoid
419,1,23,0,Area Trapezoid
420,1,23,1,Area Trapezoid
421,1,23,1,Area Trapezoid
422,1,23,1,Area Trapezoid
423,1,23,0,Area Trapezoid
424,1,23,1,Area Trapezoid
425,1,23,1,Area Trapezoid
426,1,23,1,Area Trapezoid
427,1,23,0,Area Trapezoid
428,1,23,1,Area Trapezoid
429,1,23,1,Area Trapezoid
430,1,23,1,Area Trapezoid
431,1,23,0,Area Trapezoid
432,1,23,1,Area Trapezoid
433,1,23,1,Area Trapezoid
434,1,23,1,Area Trapezoid
435,1,23,0,Area Trapezoid
436,1,23,1,Area Trapezoid
437,1,23,1,Area Trapezoid
438,1,23,1,Area Trapezoid
439,1,23,1,Area Trapezoid
440,2,34,0,Area Irregular Figure
441,2,34,0,Area Irregular Figure
442,2,34,1,Area Irregular Figure
443,2,34,1,Area Irregular Figure
444,2,34,0,Area Irregular Figure
445,2,34,0,Area Irregular Figure
446,2,34,1,Area Irregular Figure
447,2,34,1,Area Irregular Figure
448,2,34,1,Area Irregular Figure
449,2,34,1,Area Irregular Figure
450,2,34,1,Area Irregular Figure
451,83,35,0,Area Parallelogram
452,1,23,1,Area Trapezoid
453,81,36,1,Area Rectangle
454,82,37,1,Area Triangle
455,31,28,0,Circumference 
456,31,28,1,Circumference 
457,31,28,1,Circumference 
458,31,28,1,Circumference 
459,31,28,1,Circumference 
460,31,28,1,Circumference 
461,31,28,1,Circumference 
462,28,27,1,Calculations with Similar Figures
463,28,27,1,Calculations with Similar Figures
464,70,31,1,Equation Solving More Than Two Steps
465,70,31,1,Equation Solving More Than Two Steps
466,70,31,1,Equation Solving More Than Two Steps
467,31,28,1,Circumference 
468,31,28,1,Circumference 
469,31,28,0,Circumference 
470,66,33,0,Write Linear Equation from Graph
471,66,33,0,Write Linear Equation from Graph
472,66,33,0,Write Linear Equation from Graph
473,66,33,0,Write Linear Equation from Graph
474,66,33,0,Write Linear Equation from Graph
475,66,33,1,Write Linear Equation from Graph
476,66,33,1,Write Linear Equation from Graph
477,66,33,1,Write Linear Equation from Graph
478,66,33,0,Write Linear Equation from Graph
479,66,33,0,Write Linear Equation from Graph
480,66,33,1,Write Linear Equation from Graph
481,66,33,1,Write Linear Equation from Graph
482,28,27,0,Calculations with Similar Figures
483,41,26,1,Finding Percents
484,41,26,1,Finding Percents
485,41,26,1,Finding Percents
486,41,26,1,Finding Percents
487,36,30,0,Unit Rate
488,36,30,0,Unit Rate
489,36,30,1,Unit Rate
490,36,30,1,Unit Rate
491,36,30,1,Unit Rate
492,26,17,1,Equation Solving Two or Fewer Steps
493,26,17,1,Equation Solving Two or Fewer Steps
494,26,17,1,Equation Solving Two or Fewer Steps
495,26,17,1,Equation Solving Two or Fewer Steps
496,26,17,1,Equation Solving Two or Fewer Steps
497,26,17,1,Equation Solving Two or Fewer Steps
498,26,17,1,Equation Solving Two or Fewer Steps
499,26,17,1,Equation Solving Two or Fewer Steps
500,25,20,1,Subtraction Whole Numbers
501,42,19,1,Pattern Finding 
502,25,20,0,Subtraction Whole Numbers
503,42,19,0,Pattern Finding 
504,25,20,1,Subtraction Whole Numbers
505,42,19,1,Pattern Finding 
506,25,20,1,Subtraction Whole Numbers
507,42,19,1,Pattern Finding 
508,25,20,1,Subtraction Whole Numbers
509,42,19,1,Pattern Finding 
510,25,20,1,Subtraction Whole Numbers
511,42,19,1,Pattern Finding 
512,25,20,1,Subtraction Whole Numbers
513,42,19,1,Pattern Finding 
514,25,20,1,Subtraction Whole Numbers
515,42,19,1,Pattern Finding 
516,72,32,1,Write Linear Equation from Ordered Pairs
517,72,32,1,Write Linear Equation from Ordered Pairs
518,72,32,1,Write Linear Equation from Ordered Pairs
519,66,33,0,Write Linear Equation from Graph
520,66,33,0,Write Linear Equation from Graph
521,66,33,1,Write Linear Equation from Graph
522,66,33,1,Write Linear Equation from Graph
523,66,33,1,Write Linear Equation from Graph
524,66,33,0,Write Linear Equation from Graph
525,66,33,0,Write Linear Equation from Graph
526,66,33,1,Write Linear Equation from Graph
527,66,33,1,Write Linear Equation from Graph
528,66,33,0,Write Linear Equation from Graph
529,66,33,0,Write Linear Equation from Graph
530,66,33,1,Write Linear Equation from Graph
531,66,33,1,Write Linear Equation from Graph
532,66,33,0,Write Linear Equation from Graph
533,66,33,0,Write Linear Equation from Graph
534,66,33,1,Write Linear Equation from Graph
535,66,33,1,Write Linear Equation from Graph
536,66,33,0,Write Linear Equation from Graph
537,66,33,0,Write Linear Equation from Graph
538,66,33,1,Write Linear Equation from Graph
539,66,33,1,Write Linear Equation from Graph
540,66,33,0,Write Linear Equation from Graph
541,66,33,0,Write Linear Equation from Graph
542,66,33,1,Write Linear Equation from Graph
543,66,33,1,Write Linear Equation from Graph
544,66,33,1,Write Linear Equation from Graph
545,1,23,0,Area Trapezoid
546,1,23,1,Area Trapezoid
547,1,23,1,Area Trapezoid
548,1,23,1,Area Trapezoid
549,1,23,1,Area Trapezoid
550,1,23,1,Area Trapezoid
551,1,23,1,Area Trapezoid
552,1,23,1,Area Trapezoid
553,1,23,1,Area Trapezoid
554,1,23,1,Area Trapezoid
555,1,23,1,Area Trapezoid
556,28,27,0,Calculations with Similar Figures
557,28,27,0,Calculations with Similar Figures
558,28,27,1,Calculations with Similar Figures
559,28,27,1,Calculations with Similar Figures
560,28,27,1,Calculations with Similar Figures
561,84,38,0,Effect of Changing Dimensions of a Shape Prportionally
562,28,27,0,Calculations with Similar Figures
563,84,38,1,Effect of Changing Dimensions of a Shape Prportionally
564,28,27,1,Calculations with Similar Figures
565,84,38,0,Effect of Changing Dimensions of a Shape Prportionally
566,28,27,0,Calculations with Similar Figures
567,84,38,0,Effect of Changing Dimensions of a Shape Prportionally
568,28,27,0,Calculations with Similar Figures
569,84,38,1,Effect of Changing Dimensions of a Shape Prportionally
570,28,27,1,Calculations with Similar Figures
571,84,38,1,Effect of Changing Dimensions of a Shape Prportionally
572,28,27,1,Calculations with Similar Figures
573,84,38,1,Effect of Changing Dimensions of a Shape Prportionally
574,28,27,1,Calculations with Similar Figures
575,25,20,0,Subtraction Whole Numbers
576,42,19,0,Pattern Finding 
577,25,20,1,Subtraction Whole Numbers
578,42,19,1,Pattern Finding 
579,25,20,0,Subtraction Whole Numbers
580,42,19,0,Pattern Finding 
581,25,20,1,Subtraction Whole Numbers
582,42,19,1,Pattern Finding 
583,25,20,1,Subtraction Whole Numbers
584,42,19,1,Pattern Finding 
585,25,20,1,Subtraction Whole Numbers
586,42,19,1,Pattern Finding 
587,25,20,0,Subtraction Whole Numbers
588,42,19,0,Pattern Finding 
589,25,20,0,Subtraction Whole Numbers
590,42,19,0,Pattern Finding 
591,25,20,1,Subtraction Whole Numbers
592,42,19,1,Pattern Finding 
593,64,39,0,Surface Area Rectangular Prism
594,64,39,0,Surface Area Rectangular Prism
595,64,39,1,Surface Area Rectangular Prism
596,64,39,1,Surface Area Rectangular Prism
597,64,39,1,Surface Area Rectangular Prism
598,85,40,0,Surface Area Cylinder
599,64,39,0,Surface Area Rectangular Prism
600,64,39,0,Surface Area Rectangular Prism
601,85,40,0,Surface Area Cylinder
602,85,40,0,Surface Area Cylinder
603,64,39,0,Surface Area Rectangular Prism
604,64,39,0,Surface Area Rectangular Prism
605,64,39,1,Surface Area Rectangular Prism
606,64,39,1,Surface Area Rectangular Prism
607,85,40,1,Surface Area Cylinder
608,39,41,1,Volume Rectangular Prism
609,86,42,1,Volume Cylinder
610,39,41,1,Volume Rectangular Prism
611,75,43,1,Volume Sphere
612,66,33,0,Write Linear Equation from Graph
613,66,33,0,Write Linear Equation from Graph
614,66,33,1,Write Linear Equation from Graph
615,66,33,1,Write Linear Equation from Graph
616,66,33,0,Write Linear Equation from Graph
617,66,33,1,Write Linear Equation from Graph
618,66,33,1,Write Linear Equation from Graph
619,66,33,0,Write Linear Equation from Graph
620,66,33,0,Write Linear Equation from Graph
621,66,33,0,Write Linear Equation from Graph
622,66,33,1,Write Linear Equation from Graph
623,66,33,1,Write Linear Equation from Graph
624,66,33,0,Write Linear Equation from Graph
625,66,33,1,Write Linear Equation from Graph
626,66,33,1,Write Linear Equation from Graph
627,66,33,1,Write Linear Equation from Graph
628,66,33,0,Write Linear Equation from Graph
629,66,33,0,Write Linear Equation from Graph
630,66,33,1,Write Linear Equation from Graph
631,66,33,1,Write Linear Equation from Graph
632,66,33,0,Write Linear Equation from Graph
633,66,33,0,Write Linear Equation from Graph
634,66,33,1,Write Linear Equation from Graph
635,66,33,0,Write Linear Equation from Graph
636,66,33,0,Write Linear Equation from Graph
637,66,33,0,Write Linear Equation from Graph
638,66,33,1,Write Linear Equation from Graph
639,66,33,0,Write Linear Equation from Graph
640,66,33,1,Write Linear Equation from Graph
641,10,44,0,Venn Diagram
642,10,44,0,Venn Diagram
643,10,44,0,Venn Diagram
644,10,44,0,Venn Diagram
645,10,44,0,Venn Diagram
646,10,44,1,Venn Diagram
647,10,44,0,Venn Diagram
648,66,33,0,Write Linear Equation from Graph
649,10,44,0,Venn Diagram
650,10,44,1,Venn Diagram
651,10,44,1,Venn Diagram
652,10,44,1,Venn Diagram
653,10,44,0,Venn Diagram
654,10,44,0,Venn Diagram
655,10,44,1,Venn Diagram
656,10,44,1,Venn Diagram
657,10,44,1,Venn Diagram
658,66,33,0,Write Linear Equation from Graph
659,66,33,0,Write Linear Equation from Graph
660,66,33,1,Write Linear Equation from Graph
661,66,33,1,Write Linear Equation from Graph
662,66,33,1,Write Linear Equation from Graph
663,10,44,1,Venn Diagram
664,10,44,1,Venn Diagram
665,10,44,0,Venn Diagram
666,35,29,0,Percent Of
667,10,44,0,Venn Diagram
668,35,29,0,Percent Of
669,10,44,0,Venn Diagram
670,35,29,0,Percent Of
671,10,44,1,Venn Diagram
672,35,29,1,Percent Of
673,10,44,1,Venn Diagram
674,35,29,1,Percent Of
675,10,44,0,Venn Diagram
676,35,29,0,Percent Of
677,10,44,0,Venn Diagram
678,35,29,0,Percent Of
679,10,44,0,Venn Diagram
680,35,29,0,Percent Of
681,10,44,0,Venn Diagram
682,35,29,0,Percent Of
683,10,44,0,Venn Diagram
684,35,29,0,Percent Of
685,10,44,1,Venn Diagram
686,35,29,1,Percent Of
687,10,44,1,Venn Diagram
688,35,29,1,Percent Of
689,10,44,1,Venn Diagram
690,35,29,1,Percent Of
691,10,44,1,Venn Diagram
692,35,29,1,Percent Of
693,10,44,1,Venn Diagram
694,35,29,1,Percent Of
695,6,45,1,Stem and Leaf Plot
696,8,46,1,Mean
697,6,45,1,Stem and Leaf Plot
698,9,47,1,Range
699,6,45,1,Stem and Leaf Plot
700,9,47,1,Range
701,17,48,1,Scatter Plot
702,17,48,1,Scatter Plot
703,11,49,0,Histogram as Table or Graph
704,11,49,1,Histogram as Table or Graph
705,11,49,0,Histogram as Table or Graph
706,11,49,1,Histogram as Table or Graph
707,11,49,1,Histogram as Table or Graph
708,11,49,1,Histogram as Table or Graph
709,4,50,1,Table
710,9,47,1,Range
711,4,50,1,Table
712,9,47,1,Range
713,4,50,0,Table
714,5,51,0,Median
715,4,50,1,Table
716,5,51,1,Median
717,4,50,1,Table
718,5,51,1,Median
719,4,50,1,Table
720,5,51,1,Median
721,4,50,1,Table
722,7,52,1,Mode
723,4,50,1,Table
724,7,52,1,Mode
725,5,51,0,Median
726,8,46,1,Mean
727,5,51,1,Median
728,8,46,1,Mean
729,8,46,1,Mean
730,4,50,1,Table
731,22,1,1,Addition Whole Numbers
732,25,20,0,Subtraction Whole Numbers
733,42,19,0,Pattern Finding 
734,25,20,1,Subtraction Whole Numbers
735,42,19,1,Pattern Finding 
736,25,20,1,Subtraction Whole Numbers
737,42,19,1,Pattern Finding 
738,25,20,0,Subtraction Whole Numbers
739,42,19,0,Pattern Finding 
740,25,20,1,Subtraction Whole Numbers
741,42,19,1,Pattern Finding 
742,25,20,1,Subtraction Whole Numbers
743,42,19,1,Pattern Finding 
744,25,20,1,Subtraction Whole Numbers
745,42,19,1,Pattern Finding 
746,3,53,0,Probability of Two Distinct Events
747,3,53,0,Probability of Two Distinct Events
748,3,53,1,Probability of Two Distinct Events
749,3,53,1,Probability of Two Distinct Events
750,3,53,0,Probability of Two Distinct Events
751,29,54,1,Counting Methods
752,18,4,1,Addition and Subtraction Positive Decimals
753,4,50,0,Table
754,22,1,0,Addition Whole Numbers
755,4,50,1,Table
756,22,1,1,Addition Whole Numbers
757,25,20,1,Subtraction Whole Numbers
758,42,19,1,Pattern Finding 
759,4,50,0,Table
760,22,1,0,Addition Whole Numbers
761,4,50,1,Table
762,22,1,1,Addition Whole Numbers
763,25,20,1,Subtraction Whole Numbers
764,42,19,1,Pattern Finding 
765,25,20,1,Subtraction Whole Numbers
766,42,19,1,Pattern Finding 
767,25,20,1,Subtraction Whole Numbers
768,42,19,1,Pattern Finding 
769,25,20,1,Subtraction Whole Numbers
770,42,19,1,Pattern Finding 
771,25,20,0,Subtraction Whole Numbers
772,42,19,0,Pattern Finding 
773,25,20,0,Subtraction Whole Numbers
774,42,19,0,Pattern Finding 
775,25,20,0,Subtraction Whole Numbers
776,42,19,0,Pattern Finding 
777,25,20,0,Subtraction Whole Numbers
778,42,19,0,Pattern Finding 
779,25,20,0,Subtraction Whole Numbers
780,42,19,0,Pattern Finding 
781,25,20,1,Subtraction Whole Numbers
782,42,19,1,Pattern Finding 
783,3,53,1,Probability of Two Distinct Events
784,3,53,1,Probability of Two Distinct Events
785,3,53,1,Probability of Two Distinct Events
786,24,9,0,Addition and Subtraction Fractions
787,32,55,0,Box and Whisker
788,9,47,0,Range
789,32,55,1,Box and Whisker
790,5,51,1,Median
791,32,55,0,Box and Whisker
792,9,47,0,Range
793,32,55,0,Box and Whisker
794,5,51,0,Median
795,32,55,0,Box and Whisker
796,5,51,0,Median
797,12,56,0,Circle Graph
798,35,29,0,Percent Of
799,12,56,1,Circle Graph
800,13,57,1,Equivalent Fractions
801,41,26,1,Finding Percents
802,18,4,0,Addition and Subtraction Positive Decimals
803,18,4,1,Addition and Subtraction Positive Decimals
804,18,4,1,Addition and Subtraction Positive Decimals
805,18,4,0,Addition and Subtraction Positive Decimals
806,18,4,1,Addition and Subtraction Positive Decimals
807,18,4,1,Addition and Subtraction Positive Decimals
808,18,4,1,Addition and Subtraction Positive Decimals
809,18,4,1,Addition and Subtraction Positive Decimals
810,18,4,0,Addition and Subtraction Positive Decimals
811,18,4,1,Addition and Subtraction Positive Decimals
812,24,9,1,Addition and Subtraction Fractions
813,24,9,1,Addition and Subtraction Fractions
814,24,9,0,Addition and Subtraction Fractions
815,24,9,1,Addition and Subtraction Fractions
816,24,9,1,Addition and Subtraction Fractions
817,24,9,1,Addition and Subtraction Fractions
818,24,9,0,Addition and Subtraction Fractions
819,24,9,1,Addition and Subtraction Fractions
820,24,9,1,Addition and Subtraction Fractions
821,24,9,1,Addition and Subtraction Fractions
822,74,58,1,Multiplication and Division Positive Decimals
823,74,58,1,Multiplication and Division Positive Decimals
824,74,58,0,Multiplication and Division Positive Decimals
825,74,58,1,Multiplication and Division Positive Decimals
826,74,58,1,Multiplication and Division Positive Decimals
827,74,58,1,Multiplication and Division Positive Decimals
828,74,58,1,Multiplication and Division Positive Decimals
829,60,11,0,Division Fractions
830,19,10,1,Multiplication Fractions
831,19,10,0,Multiplication Fractions
832,19,10,0,Multiplication Fractions
833,12,56,0,Circle Graph
834,35,29,0,Percent Of
835,25,20,1,Subtraction Whole Numbers
836,42,19,1,Pattern Finding 
837,25,20,1,Subtraction Whole Numbers
838,42,19,1,Pattern Finding 
839,25,20,0,Subtraction Whole Numbers
840,42,19,0,Pattern Finding 
841,25,20,1,Subtraction Whole Numbers
842,42,19,1,Pattern Finding 
843,25,20,1,Subtraction Whole Numbers
844,42,19,1,Pattern Finding 
845,32,55,0,Box and Whisker
846,5,51,0,Median
847,32,55,0,Box and Whisker
848,9,47,0,Range
849,32,55,1,Box and Whisker
850,5,51,1,Median
851,32,55,0,Box and Whisker
852,5,51,0,Median
853,32,55,1,Box and Whisker
854,5,51,1,Median
855,32,55,1,Box and Whisker
856,5,51,1,Median
857,32,55,1,Box and Whisker
858,5,51,1,Median
859,12,56,0,Circle Graph
860,13,57,0,Equivalent Fractions
861,41,26,0,Finding Percents
862,12,56,0,Circle Graph
863,13,57,0,Equivalent Fractions
864,41,26,0,Finding Percents
865,12,56,0,Circle Graph
866,35,29,0,Percent Of
867,12,56,0,Circle Graph
868,35,29,0,Percent Of
869,11,49,0,Histogram as Table or Graph
870,11,49,0,Histogram as Table or Graph
871,11,49,1,Histogram as Table or Graph
872,16,59,1,Probability of a Single Event
873,16,59,1,Probability of a Single Event
874,16,59,0,Probability of a Single Event
875,16,59,1,Probability of a Single Event
876,16,59,1,Probability of a Single Event
877,16,59,1,Probability of a Single Event
878,11,49,1,Histogram as Table or Graph
879,11,49,1,Histogram as Table or Graph
880,11,49,1,Histogram as Table or Graph
881,12,56,0,Circle Graph
882,13,57,0,Equivalent Fractions
883,14,16,0,Proportion
884,12,56,1,Circle Graph
885,13,57,1,Equivalent Fractions
886,14,16,1,Proportion
887,12,56,1,Circle Graph
888,13,57,1,Equivalent Fractions
889,12,56,1,Circle Graph
890,13,57,1,Equivalent Fractions
891,14,16,1,Proportion
892,12,56,0,Circle Graph
893,13,57,0,Equivalent Fractions
894,14,16,0,Proportion
895,12,56,0,Circle Graph
896,35,29,0,Percent Of
897,12,56,1,Circle Graph
898,13,57,1,Equivalent Fractions
899,14,16,1,Proportion
900,12,56,0,Circle Graph
901,35,29,0,Percent Of
902,12,56,0,Circle Graph
903,35,29,0,Percent Of
904,12,56,1,Circle Graph
905,35,29,1,Percent Of
906,12,56,0,Circle Graph
907,35,29,0,Percent Of
908,12,56,0,Circle Graph
909,13,57,0,Equivalent Fractions
910,41,26,0,Finding Percents
911,12,56,0,Circle Graph
912,35,29,0,Percent Of
913,12,56,0,Circle Graph
914,13,57,0,Equivalent Fractions
915,41,26,0,Finding Percents
916,12,56,0,Circle Graph
917,13,57,0,Equivalent Fractions
918,41,26,0,Finding Percents
919,25,20,1,Subtraction Whole Numbers
920,42,19,1,Pattern Finding 
921,25,20,0,Subtraction Whole Numbers
922,42,19,0,Pattern Finding 
923,25,20,1,Subtraction Whole Numbers
924,42,19,1,Pattern Finding 
925,25,20,1,Subtraction Whole Numbers
926,42,19,1,Pattern Finding 
927,25,20,1,Subtraction Whole Numbers
928,42,19,1,Pattern Finding 
929,25,20,1,Subtraction Whole Numbers
930,42,19,1,Pattern Finding 
931,25,20,0,Subtraction Whole Numbers
932,42,19,0,Pattern Finding 
933,25,20,0,Subtraction Whole Numbers
934,42,19,0,Pattern Finding 
935,25,20,1,Subtraction Whole Numbers
936,42,19,1,Pattern Finding 
937,25,20,0,Subtraction Whole Numbers
938,42,19,0,Pattern Finding 
939,25,20,1,Subtraction Whole Numbers
940,42,19,1,Pattern Finding 
941,25,20,1,Subtraction Whole Numbers
942,42,19,1,Pattern Finding 
943,18,4,1,Addition and Subtraction Positive Decimals
944,18,4,1,Addition and Subtraction Positive Decimals
945,18,4,1,Addition and Subtraction Positive Decimals
946,18,4,1,Addition and Subtraction Positive Decimals
947,24,9,1,Addition and Subtraction Fractions
948,24,9,1,Addition and Subtraction Fractions
949,74,58,1,Multiplication and Division Positive Decimals
950,60,11,0,Division Fractions
951,60,11,0,Division Fractions
952,60,11,0,Division Fractions
953,60,11,0,Division Fractions
954,60,11,0,Division Fractions
955,60,11,0,Division Fractions
956,60,11,0,Division Fractions
957,60,11,0,Division Fractions
958,60,11,0,Division Fractions
959,60,11,0,Division Fractions
960,19,10,0,Multiplication Fractions
961,19,10,1,Multiplication Fractions
962,19,10,1,Multiplication Fractions
963,19,10,1,Multiplication Fractions
964,19,10,0,Multiplication Fractions
965,19,10,1,Multiplication Fractions
966,19,10,1,Multiplication Fractions
967,19,10,1,Multiplication Fractions
968,19,10,1,Multiplication Fractions
969,19,10,1,Multiplication Fractions
970,14,16,0,Proportion
971,14,16,1,Proportion
972,14,16,0,Proportion
973,14,16,1,Proportion
974,14,16,1,Proportion
975,14,16,0,Proportion
976,14,16,0,Proportion
977,14,16,0,Proportion
978,14,16,1,Proportion
979,14,16,1,Proportion
980,34,15,1,Conversion of Fraction Decimals Percents
981,34,15,1,Conversion of Fraction Decimals Percents
982,34,15,1,Conversion of Fraction Decimals Percents
983,34,15,1,Conversion of Fraction Decimals Percents
984,34,15,1,Conversion of Fraction Decimals Percents
985,41,26,0,Finding Percents
986,41,26,1,Finding Percents
987,41,26,0,Finding Percents
988,35,29,0,Percent Of
989,41,26,0,Finding Percents
990,41,26,0,Finding Percents
991,35,29,0,Percent Of
992,35,29,0,Percent Of
993,12,56,0,Circle Graph
994,35,29,0,Percent Of
995,35,29,0,Percent Of
996,41,26,0,Finding Percents
997,41,26,0,Finding Percents
998,41,26,0,Finding Percents
999,41,26,0,Finding Percents
1000,41,26,0,Finding Percents
1001,41,26,0,Finding Percents
1002,41,26,0,Finding Percents
1003,41,26,0,Finding Percents
1004,41,26,0,Finding Percents
1005,41,26,0,Finding Percents
1006,4,50,0,Table
1007,15,60,0,Fraction Of
1008,4,50,1,Table
1009,16,59,1,Probability of a Single Event
1010,4,50,1,Table
1011,16,59,1,Probability of a Single Event
1012,4,50,1,Table
1013,15,60,1,Fraction Of
1014,3,53,0,Probability of Two Distinct Events
1015,3,53,0,Probability of Two Distinct Events
1016,3,53,0,Probability of Two Distinct Events
1017,3,53,0,Probability of Two Distinct Events
1018,3,53,0,Probability of Two Distinct Events
1019,3,53,0,Probability of Two Distinct Events
1020,3,53,1,Probability of Two Distinct Events
1021,29,54,0,Counting Methods
1022,3,53,0,Probability of Two Distinct Events
1023,29,54,0,Counting Methods
1024,3,53,0,Probability of Two Distinct Events
1025,29,54,0,Counting Methods
1026,3,53,0,Probability of Two Distinct Events
1027,29,54,1,Counting Methods
1028,3,53,1,Probability of Two Distinct Events
1029,29,54,0,Counting Methods
1030,3,53,0,Probability of Two Distinct Events
1031,12,56,1,Circle Graph
1032,13,57,1,Equivalent Fractions
1033,14,16,1,Proportion
1034,23,61,0,Absolute Value
1035,23,61,0,Absolute Value
1036,23,61,0,Absolute Value
1037,23,61,1,Absolute Value
1038,23,61,1,Absolute Value
1039,23,61,1,Absolute Value
1040,23,61,1,Absolute Value
1041,23,61,1,Absolute Value
1042,25,20,1,Subtraction Whole Numbers
1043,42,19,1,Pattern Finding 
1044,12,56,1,Circle Graph
1045,35,29,1,Percent Of
1046,29,54,1,Counting Methods
1047,3,53,1,Probability of Two Distinct Events
1048,29,54,0,Counting Methods
1049,3,53,0,Probability of Two Distinct Events
1050,29,54,1,Counting Methods
1051,3,53,1,Probability of Two Distinct Events
1052,29,54,1,Counting Methods
1053,3,53,1,Probability of Two Distinct Events
1054,29,54,1,Counting Methods
1055,3,53,1,Probability of Two Distinct Events
1056,25,20,1,Subtraction Whole Numbers
1057,42,19,1,Pattern Finding 
1058,25,20,0,Subtraction Whole Numbers
1059,42,19,0,Pattern Finding 
1060,25,20,1,Subtraction Whole Numbers
1061,42,19,1,Pattern Finding 
1062,25,20,1,Subtraction Whole Numbers
1063,42,19,1,Pattern Finding 
1064,25,20,1,Subtraction Whole Numbers
1065,42,19,1,Pattern Finding 
1066,25,20,1,Subtraction Whole Numbers
1067,42,19,1,Pattern Finding 
1068,25,20,1,Subtraction Whole Numbers
1069,42,19,1,Pattern Finding 
1070,41,26,1,Finding Percents
1071,60,11,1,Division Fractions
1072,60,11,1,Division Fractions
1073,60,11,1,Division Fractions
1074,60,11,1,Division Fractions
1075,60,11,1,Division Fractions
1076,29,54,0,Counting Methods
1077,3,53,0,Probability of Two Distinct Events
1078,29,54,1,Counting Methods
1079,3,53,1,Probability of Two Distinct Events
1080,25,20,1,Subtraction Whole Numbers
1081,42,19,1,Pattern Finding 
1082,25,20,1,Subtraction Whole Numbers
1083,42,19,1,Pattern Finding 
1084,14,16,1,Proportion
1085,14,16,1,Proportion
1086,14,16,1,Proportion
1087,41,26,1,Finding Percents
1088,12,56,1,Circle Graph
1089,35,29,1,Percent Of
1090,12,56,1,Circle Graph
1091,35,29,1,Percent Of
1092,41,26,1,Finding Percents
1093,35,29,1,Percent Of
1094,41,26,1,Finding Percents
1095,41,26,0,Finding Percents
1096,41,26,1,Finding Percents
1097,41,26,1,Finding Percents
1098,41,26,1,Finding Percents
1099,41,26,0,Finding Percents
1100,41,26,1,Finding Percents
1101,41,26,1,Finding Percents
1102,41,26,1,Finding Percents
1103,41,26,1,Finding Percents
1104,23,61,1,Absolute Value
1105,23,61,1,Absolute Value
1106,49,62,1,Complementary and Supplementary Angles
1107,52,63,1,Congruence
1108,48,64,1,Nets of 3D Figures
1109,17,48,1,Scatter Plot
1110,17,48,0,Scatter Plot
1111,17,48,1,Scatter Plot
1112,17,48,1,Scatter Plot
1113,17,48,1,Scatter Plot
1114,17,48,1,Scatter Plot
1115,17,48,1,Scatter Plot
1116,6,45,1,Stem and Leaf Plot
1117,7,52,1,Mode
1118,6,45,0,Stem and Leaf Plot
1119,5,51,0,Median
1120,6,45,1,Stem and Leaf Plot
1121,5,51,1,Median
1122,6,45,1,Stem and Leaf Plot
1123,9,47,1,Range
1124,6,45,1,Stem and Leaf Plot
1125,9,47,1,Range
1126,6,45,1,Stem and Leaf Plot
1127,9,47,1,Range
1128,6,45,1,Stem and Leaf Plot
1129,7,52,1,Mode
1130,32,55,0,Box and Whisker
1131,5,51,0,Median
1132,32,55,0,Box and Whisker
1133,9,47,0,Range
1134,32,55,0,Box and Whisker
1135,9,47,0,Range
1136,32,55,1,Box and Whisker
1137,5,51,1,Median
1138,32,55,1,Box and Whisker
1139,5,51,1,Median
1140,32,55,1,Box and Whisker
1141,5,51,1,Median
1142,32,55,1,Box and Whisker
1143,5,51,1,Median
1144,32,55,1,Box and Whisker
1145,5,51,1,Median
1146,50,65,1,Pythagorean Theorem
1147,50,65,0,Pythagorean Theorem
1148,50,65,1,Pythagorean Theorem
1149,50,65,1,Pythagorean Theorem
1150,50,65,1,Pythagorean Theorem
1151,29,54,0,Counting Methods
1152,3,53,0,Probability of Two Distinct Events
1153,16,59,1,Probability of a Single Event
1154,16,59,1,Probability of a Single Event
1155,4,50,1,Table
1156,16,59,1,Probability of a Single Event
1157,51,66,1,D.4.8-understanding-concept-of-probabilities
1158,51,66,1,D.4.8-understanding-concept-of-probabilities
1159,50,65,0,Pythagorean Theorem
1160,50,65,0,Pythagorean Theorem
1161,50,65,0,Pythagorean Theorem
1162,50,65,1,Pythagorean Theorem
1163,50,65,1,Pythagorean Theorem
1164,50,65,1,Pythagorean Theorem
1165,50,65,0,Pythagorean Theorem
1166,50,65,1,Pythagorean Theorem
1167,50,65,1,Pythagorean Theorem
1168,50,65,1,Pythagorean Theorem
1169,50,65,0,Pythagorean Theorem
1170,50,65,0,Pythagorean Theorem
1171,50,65,1,Pythagorean Theorem
1172,50,65,0,Pythagorean Theorem
1173,50,65,0,Pythagorean Theorem
1174,50,65,0,Pythagorean Theorem
1175,50,65,1,Pythagorean Theorem
1176,50,65,1,Pythagorean Theorem
1177,50,65,0,Pythagorean Theorem
1178,50,65,0,Pythagorean Theorem
1179,50,65,0,Pythagorean Theorem
1180,50,65,0,Pythagorean Theorem
1181,50,65,0,Pythagorean Theorem
1182,50,65,0,Pythagorean Theorem
1183,50,65,0,Pythagorean Theorem
1184,50,65,0,Pythagorean Theorem
1185,50,65,0,Pythagorean Theorem
1186,50,65,1,Pythagorean Theorem
1187,50,65,0,Pythagorean Theorem
1188,50,65,1,Pythagorean Theorem
1189,50,65,1,Pythagorean Theorem
1190,50,65,1,Pythagorean Theorem
1191,50,65,1,Pythagorean Theorem
1192,50,65,1,Pythagorean Theorem
1193,53,67,1,Interior Angles Figures with More than 3 Sides
1194,49,62,1,Complementary and Supplementary Angles
1195,53,67,0,Interior Angles Figures with More than 3 Sides
1196,54,68,0,Interior Angles Triangle
1197,53,67,1,Interior Angles Figures with More than 3 Sides
1198,54,68,1,Interior Angles Triangle
1199,53,67,0,Interior Angles Figures with More than 3 Sides
1200,54,68,0,Interior Angles Triangle
1201,53,67,1,Interior Angles Figures with More than 3 Sides
1202,54,68,1,Interior Angles Triangle
1203,53,67,1,Interior Angles Figures with More than 3 Sides
1204,54,68,1,Interior Angles Triangle
1205,92,69,0,Rotations
1206,93,70,0,Reflection
1207,92,69,0,Rotations
1208,93,70,0,Reflection
1209,94,71,0,Translations
1210,93,70,0,Reflection
1211,93,70,0,Reflection
1212,28,27,1,Calculations with Similar Figures
1213,28,27,0,Calculations with Similar Figures
1214,28,27,0,Calculations with Similar Figures
1215,28,27,1,Calculations with Similar Figures
1216,28,27,1,Calculations with Similar Figures
1217,28,27,0,Calculations with Similar Figures
1218,28,27,1,Calculations with Similar Figures
1219,28,27,1,Calculations with Similar Figures
1220,28,27,0,Calculations with Similar Figures
1221,28,27,0,Calculations with Similar Figures
1222,94,71,0,Translations
1223,93,70,0,Reflection
1224,4,50,0,Table
1225,16,59,0,Probability of a Single Event
1226,16,59,0,Probability of a Single Event
1227,16,59,0,Probability of a Single Event
1228,16,59,0,Probability of a Single Event
1229,16,59,0,Probability of a Single Event
1230,16,59,0,Probability of a Single Event
1231,4,50,0,Table
1232,16,59,0,Probability of a Single Event
1233,16,59,0,Probability of a Single Event
1234,28,27,0,Calculations with Similar Figures
1235,28,27,0,Calculations with Similar Figures
1236,28,27,0,Calculations with Similar Figures
1237,28,27,1,Calculations with Similar Figures
1238,28,27,1,Calculations with Similar Figures
1239,28,27,0,Calculations with Similar Figures
1240,28,27,1,Calculations with Similar Figures
1241,28,27,0,Calculations with Similar Figures
1242,28,27,0,Calculations with Similar Figures
1243,28,27,0,Calculations with Similar Figures
1244,28,27,1,Calculations with Similar Figures
1245,28,27,1,Calculations with Similar Figures
1246,28,27,0,Calculations with Similar Figures
1247,28,27,1,Calculations with Similar Figures
1248,92,69,0,Rotations
1249,11,49,1,Histogram as Table or Graph
1250,11,49,1,Histogram as Table or Graph
1251,32,55,0,Box and Whisker
1252,9,47,0,Range
1253,32,55,1,Box and Whisker
1254,5,51,1,Median
1255,32,55,0,Box and Whisker
1256,9,47,0,Range
1257,32,55,1,Box and Whisker
1258,5,51,1,Median
1259,32,55,0,Box and Whisker
1260,9,47,0,Range
